{"cameraMode":{"drawMode":0,"name":"Shaded","section":"Shading Mode"},"sceneLighting":true,"audioPlay":false,"sceneViewState":{"showFog":true,"showMaterialUpdate":false,"showSkybox":true,"showFlares":true,"showImageEffects":true,"showParticleSystems":true,"showVisualEffectGraphs":true,"m_FxEnabled":true},"in2DMode":false,"pivot":{"x":198.1898956298828,"y":53.175880432128909,"z":-757.9207763671875},"rotation":{"x":-0.000728594372048974,"y":0.9984518885612488,"z":0.013479867950081826,"w":0.053968802094459537},"size":1049.4932861328125,"orthographic":false}